timestamp,underlying_price,strike,dte,option_type,open_interest,volume,iv
2026-09-04 07:30:00,534.42,529.0,2.0,call,25,5,0.24922
2026-09-04 07:30:00,534.42,529.0,2.0,put,25,2,0.25907
2026-09-04 07:30:00,534.42,529.5,2.0,call,25,5,0.24256
2026-09-04 07:30:00,534.42,529.5,2.0,put,25,2,0.25711
2026-09-04 07:30:00,534.42,530.0,2.0,call,25,3,0.23795
2026-09-04 07:30:00,534.42,530.0,2.0,put,68,16,0.24867
2026-09-04 07:30:00,534.42,530.5,2.0,call,25,5,0.22651
2026-09-04 07:30:00,534.42,530.5,2.0,put,30,4,0.24485
2026-09-04 07:30:00,534.42,531.0,2.0,call,138,20,0.21849
2026-09-04 07:30:00,534.42,531.0,2.0,put,102,17,0.23838
2026-09-04 07:30:00,534.42,531.5,2.0,call,176,17,0.22048
2026-09-04 07:30:00,534.42,531.5,2.0,put,247,44,0.23522
2026-09-04 07:30:00,534.42,532.0,2.0,call,425,21,0.21669
2026-09-04 07:30:00,534.42,532.0,2.0,put,507,51,0.22637
2026-09-04 07:30:00,534.42,532.5,2.0,call,666,140,0.20827
2026-09-04 07:30:00,534.42,532.5,2.0,put,871,58,0.22262
2026-09-04 07:30:00,534.42,533.0,2.0,call,827,178,0.20804
2026-09-04 07:30:00,534.42,533.0,2.0,put,1003,61,0.21426
2026-09-04 07:30:00,534.42,533.5,2.0,call,1075,84,0.19809
2026-09-04 07:30:00,534.42,533.5,2.0,put,1184,279,0.21236
2026-09-04 07:30:00,534.42,534.0,2.0,call,1308,223,0.18865
2026-09-04 07:30:00,534.42,534.0,2.0,put,1569,209,0.2003
2026-09-04 07:30:00,534.42,534.5,2.0,call,1665,113,0.1894
2026-09-04 07:30:00,534.42,534.5,2.0,put,1586,281,0.1999
2026-09-04 07:30:00,534.42,535.0,2.0,call,1670,293,0.19167
2026-09-04 07:30:00,534.42,535.0,2.0,put,1898,435,0.20298
2026-09-04 07:30:00,534.42,535.5,2.0,call,1613,125,0.20253
2026-09-04 07:30:00,534.42,535.5,2.0,put,1609,249,0.21102
2026-09-04 07:30:00,534.42,536.0,2.0,call,1225,210,0.20062
2026-09-04 07:30:00,534.42,536.0,2.0,put,1232,157,0.21946
2026-09-04 07:30:00,534.42,536.5,2.0,call,814,176,0.21197
2026-09-04 07:30:00,534.42,536.5,2.0,put,745,82,0.22194
2026-09-04 07:30:00,534.42,537.0,2.0,call,437,52,0.217
2026-09-04 07:30:00,534.42,537.0,2.0,put,278,64,0.22705
2026-09-04 07:30:00,534.42,537.5,2.0,call,106,15,0.22869
2026-09-04 07:30:00,534.42,537.5,2.0,put,111,17,0.23458
2026-09-04 07:30:00,534.42,538.0,2.0,call,94,13,0.22734
2026-09-04 07:30:00,534.42,538.0,2.0,put,109,8,0.23686
2026-09-04 07:30:00,534.42,538.5,2.0,call,25,4,0.2308
2026-09-04 07:30:00,534.42,538.5,2.0,put,35,4,0.24888
2026-09-04 07:30:00,534.42,539.0,2.0,call,25,4,0.23819
2026-09-04 07:30:00,534.42,539.0,2.0,put,25,4,0.24857
2026-09-04 07:35:00,534.38,529.0,2.0,call,25,2,0.2521
2026-09-04 07:35:00,534.38,529.0,2.0,put,25,5,0.25902
2026-09-04 07:35:00,534.38,529.5,2.0,call,56,5,0.23895
2026-09-04 07:35:00,534.38,529.5,2.0,put,102,24,0.25536
2026-09-04 07:35:00,534.38,530.0,2.0,call,25,5,0.23463
2026-09-04 07:35:00,534.38,530.0,2.0,put,100,13,0.24941
2026-09-04 07:35:00,534.38,530.5,2.0,call,25,5,0.22773
2026-09-04 07:35:00,534.38,530.5,2.0,put,150,22,0.24646
2026-09-04 07:35:00,534.38,531.0,2.0,call,128,26,0.22458
2026-09-04 07:35:00,534.38,531.0,2.0,put,101,17,0.24193
2026-09-04 07:35:00,534.38,531.5,2.0,call,258,32,0.21542
2026-09-04 07:35:00,534.38,531.5,2.0,put,262,23,0.22955
2026-09-04 07:35:00,534.38,532.0,2.0,call,412,29,0.21127
2026-09-04 07:35:00,534.38,532.0,2.0,put,672,109,0.22493
2026-09-04 07:35:00,534.38,532.5,2.0,call,626,145,0.20976
2026-09-04 07:35:00,534.38,532.5,2.0,put,769,131,0.2173
2026-09-04 07:35:00,534.38,533.0,2.0,call,866,111,0.20113
2026-09-04 07:35:00,534.38,533.0,2.0,put,870,164,0.21757
2026-09-04 07:35:00,534.38,533.5,2.0,call,1021,206,0.19546
2026-09-04 07:35:00,534.38,533.5,2.0,put,1179,264,0.20945
2026-09-04 07:35:00,534.38,534.0,2.0,call,1358,73,0.18963
2026-09-04 07:35:00,534.38,534.0,2.0,put,1681,143,0.20271
2026-09-04 07:35:00,534.38,534.5,2.0,call,1655,268,0.18929
2026-09-04 07:35:00,534.38,534.5,2.0,put,1762,95,0.20007
2026-09-04 07:35:00,534.38,535.0,2.0,call,1864,283,0.1952
2026-09-04 07:35:00,534.38,535.0,2.0,put,1778,295,0.2007
2026-09-04 07:35:00,534.38,535.5,2.0,call,1684,96,0.20106
2026-09-04 07:35:00,534.38,535.5,2.0,put,1755,372,0.207
2026-09-04 07:35:00,534.38,536.0,2.0,call,1091,120,0.20139
2026-09-04 07:35:00,534.38,536.0,2.0,put,1209,243,0.21151
2026-09-04 07:35:00,534.38,536.5,2.0,call,599,120,0.21057
2026-09-04 07:35:00,534.38,536.5,2.0,put,729,158,0.21986
2026-09-04 07:35:00,534.38,537.0,2.0,call,275,47,0.21352
2026-09-04 07:35:00,534.38,537.0,2.0,put,266,46,0.22826
2026-09-04 07:35:00,534.38,537.5,2.0,call,190,38,0.22047
2026-09-04 07:35:00,534.38,537.5,2.0,put,91,19,0.23503
2026-09-04 07:35:00,534.38,538.0,2.0,call,25,1,0.22946
2026-09-04 07:35:00,534.38,538.0,2.0,put,198,31,0.2431
2026-09-04 07:35:00,534.38,538.5,2.0,call,25,2,0.23009
2026-09-04 07:35:00,534.38,538.5,2.0,put,25,1,0.24619
2026-09-04 07:35:00,534.38,539.0,2.0,call,25,4,0.2439
2026-09-04 07:35:00,534.38,539.0,2.0,put,25,3,0.25036
2026-09-04 07:40:00,534.33,529.0,2.0,call,25,2,0.2469
2026-09-04 07:40:00,534.33,529.0,2.0,put,25,1,0.2611
2026-09-04 07:40:00,534.33,529.5,2.0,call,25,2,0.24635
2026-09-04 07:40:00,534.33,529.5,2.0,put,25,1,0.2548
2026-09-04 07:40:00,534.33,530.0,2.0,call,25,1,0.23862
2026-09-04 07:40:00,534.33,530.0,2.0,put,29,3,0.25049
2026-09-04 07:40:00,534.33,530.5,2.0,call,25,2,0.22715
2026-09-04 07:40:00,534.33,530.5,2.0,put,38,4,0.23899
2026-09-04 07:40:00,534.33,531.0,2.0,call,248,46,0.22357
2026-09-04 07:40:00,534.33,531.0,2.0,put,209,37,0.22912
2026-09-04 07:40:00,534.33,531.5,2.0,call,303,45,0.21921
2026-09-04 07:40:00,534.33,531.5,2.0,put,242,24,0.23043
2026-09-04 07:40:00,534.33,532.0,2.0,call,572,126,0.21294
2026-09-04 07:40:00,534.33,532.0,2.0,put,686,138,0.22379
2026-09-04 07:40:00,534.33,532.5,2.0,call,551,131,0.20985
2026-09-04 07:40:00,534.33,532.5,2.0,put,854,168,0.21929
2026-09-04 07:40:00,534.33,533.0,2.0,call,865,73,0.20035
2026-09-04 07:40:00,534.33,533.0,2.0,put,981,183,0.21463
2026-09-04 07:40:00,534.33,533.5,2.0,call,1074,139,0.19306
2026-09-04 07:40:00,534.33,533.5,2.0,put,1369,209,0.20716
2026-09-04 07:40:00,534.33,534.0,2.0,call,1378,257,0.18876
2026-09-04 07:40:00,534.33,534.0,2.0,put,1683,378,0.20028
2026-09-04 07:40:00,534.33,534.5,2.0,call,1693,329,0.18226
2026-09-04 07:40:00,534.33,534.5,2.0,put,1692,313,0.20169
2026-09-04 07:40:00,534.33,535.0,2.0,call,1754,128,0.18892
2026-09-04 07:40:00,534.33,535.0,2.0,put,1915,138,0.20685
2026-09-04 07:40:00,534.33,535.5,2.0,call,1565,210,0.19903
2026-09-04 07:40:00,534.33,535.5,2.0,put,1537,343,0.21709
2026-09-04 07:40:00,534.33,536.0,2.0,call,1168,73,0.20191
2026-09-04 07:40:00,534.33,536.0,2.0,put,1209,132,0.21372
2026-09-04 07:40:00,534.33,536.5,2.0,call,815,111,0.21428
2026-09-04 07:40:00,534.33,536.5,2.0,put,832,182,0.2247
2026-09-04 07:40:00,534.33,537.0,2.0,call,504,62,0.21526
2026-09-04 07:40:00,534.33,537.0,2.0,put,272,39,0.23348
2026-09-04 07:40:00,534.33,537.5,2.0,call,221,47,0.22047
2026-09-04 07:40:00,534.33,537.5,2.0,put,118,20,0.23442
2026-09-04 07:40:00,534.33,538.0,2.0,call,68,7,0.22814
2026-09-04 07:40:00,534.33,538.0,2.0,put,50,7,0.24079
2026-09-04 07:40:00,534.33,538.5,2.0,call,50,10,0.23682
2026-09-04 07:40:00,534.33,538.5,2.0,put,25,1,0.2482
2026-09-04 07:40:00,534.33,539.0,2.0,call,25,2,0.2436
2026-09-04 07:40:00,534.33,539.0,2.0,put,53,7,0.24791
2026-09-04 07:45:00,534.29,529.0,2.0,call,25,1,0.25039
2026-09-04 07:45:00,534.29,529.0,2.0,put,182,11,0.25814
2026-09-04 07:45:00,534.29,529.5,2.0,call,25,5,0.24195
2026-09-04 07:45:00,534.29,529.5,2.0,put,25,4,0.25103
2026-09-04 07:45:00,534.29,530.0,2.0,call,88,15,0.23973
2026-09-04 07:45:00,534.29,530.0,2.0,put,25,2,0.24808
2026-09-04 07:45:00,534.29,530.5,2.0,call,25,5,0.22658
2026-09-04 07:45:00,534.29,530.5,2.0,put,25,5,0.24191
2026-09-04 07:45:00,534.29,531.0,2.0,call,143,9,0.21928
2026-09-04 07:45:00,534.29,531.0,2.0,put,84,17,0.23766
2026-09-04 07:45:00,534.29,531.5,2.0,call,260,47,0.21911
2026-09-04 07:45:00,534.29,531.5,2.0,put,232,30,0.2329
2026-09-04 07:45:00,534.29,532.0,2.0,call,525,109,0.21652
2026-09-04 07:45:00,534.29,532.0,2.0,put,615,55,0.22333
2026-09-04 07:45:00,534.29,532.5,2.0,call,667,41,0.21409
2026-09-04 07:45:00,534.29,532.5,2.0,put,776,180,0.21654
2026-09-04 07:45:00,534.29,533.0,2.0,call,877,163,0.19933
2026-09-04 07:45:00,534.29,533.0,2.0,put,1075,71,0.2157
2026-09-04 07:45:00,534.29,533.5,2.0,call,1124,255,0.19298
2026-09-04 07:45:00,534.29,533.5,2.0,put,1229,208,0.20487
2026-09-04 07:45:00,534.29,534.0,2.0,call,1367,222,0.1854
2026-09-04 07:45:00,534.29,534.0,2.0,put,1535,333,0.20313
2026-09-04 07:45:00,534.29,534.5,2.0,call,1615,310,0.18557
2026-09-04 07:45:00,534.29,534.5,2.0,put,1654,336,0.19797
2026-09-04 07:45:00,534.29,535.0,2.0,call,1911,392,0.19468
2026-09-04 07:45:00,534.29,535.0,2.0,put,1790,227,0.20728
2026-09-04 07:45:00,534.29,535.5,2.0,call,1579,302,0.19938
2026-09-04 07:45:00,534.29,535.5,2.0,put,1514,293,0.21168
2026-09-04 07:45:00,534.29,536.0,2.0,call,1230,254,0.2054
2026-09-04 07:45:00,534.29,536.0,2.0,put,1042,207,0.21428
2026-09-04 07:45:00,534.29,536.5,2.0,call,578,32,0.21177
2026-09-04 07:45:00,534.29,536.5,2.0,put,782,125,0.22026
2026-09-04 07:45:00,534.29,537.0,2.0,call,301,53,0.21866
2026-09-04 07:45:00,534.29,537.0,2.0,put,296,25,0.23127
2026-09-04 07:45:00,534.29,537.5,2.0,call,93,12,0.22061
2026-09-04 07:45:00,534.29,537.5,2.0,put,61,7,0.2411
2026-09-04 07:45:00,534.29,538.0,2.0,call,28,6,0.22943
2026-09-04 07:45:00,534.29,538.0,2.0,put,61,13,0.24724
2026-09-04 07:45:00,534.29,538.5,2.0,call,25,1,0.23248
2026-09-04 07:45:00,534.29,538.5,2.0,put,25,3,0.24998
2026-09-04 07:45:00,534.29,539.0,2.0,call,25,3,0.24046
2026-09-04 07:45:00,534.29,539.0,2.0,put,100,12,0.2551
2026-09-04 07:50:00,534.25,529.0,2.0,call,25,2,0.24477
2026-09-04 07:50:00,534.25,529.0,2.0,put,25,1,0.25707
2026-09-04 07:50:00,534.25,529.5,2.0,call,98,13,0.24079
2026-09-04 07:50:00,534.25,529.5,2.0,put,25,2,0.25282
2026-09-04 07:50:00,534.25,530.0,2.0,call,25,4,0.23572
2026-09-04 07:50:00,534.25,530.0,2.0,put,25,3,0.24788
2026-09-04 07:50:00,534.25,530.5,2.0,call,133,30,0.22959
2026-09-04 07:50:00,534.25,530.5,2.0,put,25,2,0.24018
2026-09-04 07:50:00,534.25,531.0,2.0,call,76,14,0.22087
2026-09-04 07:50:00,534.25,531.0,2.0,put,196,14,0.23675
2026-09-04 07:50:00,534.25,531.5,2.0,call,275,39,0.21516
2026-09-04 07:50:00,534.25,531.5,2.0,put,312,52,0.2307
2026-09-04 07:50:00,534.25,532.0,2.0,call,497,57,0.2122
2026-09-04 07:50:00,534.25,532.0,2.0,put,463,66,0.22312
2026-09-04 07:50:00,534.25,532.5,2.0,call,551,94,0.20645
2026-09-04 07:50:00,534.25,532.5,2.0,put,788,65,0.21688
2026-09-04 07:50:00,534.25,533.0,2.0,call,813,44,0.19834
2026-09-04 07:50:00,534.25,533.0,2.0,put,1021,143,0.21271
2026-09-04 07:50:00,534.25,533.5,2.0,call,1133,114,0.19268
2026-09-04 07:50:00,534.25,533.5,2.0,put,1336,223,0.20738
2026-09-04 07:50:00,534.25,534.0,2.0,call,1465,300,0.18915
2026-09-04 07:50:00,534.25,534.0,2.0,put,1612,354,0.20191
2026-09-04 07:50:00,534.25,534.5,2.0,call,1766,310,0.18346
2026-09-04 07:50:00,534.25,534.5,2.0,put,1773,160,0.20303
2026-09-04 07:50:00,534.25,535.0,2.0,call,1819,130,0.19683
2026-09-04 07:50:00,534.25,535.0,2.0,put,1793,372,0.20713
2026-09-04 07:50:00,534.25,535.5,2.0,call,1468,244,0.1981
2026-09-04 07:50:00,534.25,535.5,2.0,put,1661,262,0.21281
2026-09-04 07:50:00,534.25,536.0,2.0,call,1261,143,0.20569
2026-09-04 07:50:00,534.25,536.0,2.0,put,1122,210,0.21592
2026-09-04 07:50:00,534.25,536.5,2.0,call,713,151,0.21233
2026-09-04 07:50:00,534.25,536.5,2.0,put,753,48,0.22383
2026-09-04 07:50:00,534.25,537.0,2.0,call,390,42,0.22121
2026-09-04 07:50:00,534.25,537.0,2.0,put,367,37,0.23109
2026-09-04 07:50:00,534.25,537.5,2.0,call,69,14,0.22574
2026-09-04 07:50:00,534.25,537.5,2.0,put,135,26,0.23091
2026-09-04 07:50:00,534.25,538.0,2.0,call,25,5,0.22741
2026-09-04 07:50:00,534.25,538.0,2.0,put,25,2,0.24469
2026-09-04 07:50:00,534.25,538.5,2.0,call,40,7,0.23596
2026-09-04 07:50:00,534.25,538.5,2.0,put,66,4,0.24763
2026-09-04 07:50:00,534.25,539.0,2.0,call,41,6,0.2471
2026-09-04 07:50:00,534.25,539.0,2.0,put,82,8,0.25491
2026-09-04 07:55:00,534.31,529.0,2.0,call,55,6,0.2486
2026-09-04 07:55:00,534.31,529.0,2.0,put,73,15,0.26024
2026-09-04 07:55:00,534.31,529.5,2.0,call,25,4,0.24675
2026-09-04 07:55:00,534.31,529.5,2.0,put,25,4,0.25182
2026-09-04 07:55:00,534.31,530.0,2.0,call,25,1,0.23908
2026-09-04 07:55:00,534.31,530.0,2.0,put,96,8,0.24597
2026-09-04 07:55:00,534.31,530.5,2.0,call,66,9,0.22615
2026-09-04 07:55:00,534.31,530.5,2.0,put,133,13,0.2442
2026-09-04 07:55:00,534.31,531.0,2.0,call,95,8,0.224
2026-09-04 07:55:00,534.31,531.0,2.0,put,236,14,0.23416
2026-09-04 07:55:00,534.31,531.5,2.0,call,304,57,0.22075
2026-09-04 07:55:00,534.31,531.5,2.0,put,354,56,0.23094
2026-09-04 07:55:00,534.31,532.0,2.0,call,476,35,0.21336
2026-09-04 07:55:00,534.31,532.0,2.0,put,650,131,0.2234
2026-09-04 07:55:00,534.31,532.5,2.0,call,791,169,0.21272
2026-09-04 07:55:00,534.31,532.5,2.0,put,817,121,0.22332
2026-09-04 07:55:00,534.31,533.0,2.0,call,890,56,0.20107
2026-09-04 07:55:00,534.31,533.0,2.0,put,1070,148,0.20778
2026-09-04 07:55:00,534.31,533.5,2.0,call,1046,115,0.19244
2026-09-04 07:55:00,534.31,533.5,2.0,put,1307,103,0.20858
2026-09-04 07:55:00,534.31,534.0,2.0,call,1447,334,0.18605
2026-09-04 07:55:00,534.31,534.0,2.0,put,1661,185,0.20412
2026-09-04 07:55:00,534.31,534.5,2.0,call,1746,282,0.18622
2026-09-04 07:55:00,534.31,534.5,2.0,put,1733,151,0.19449
2026-09-04 07:55:00,534.31,535.0,2.0,call,1727,140,0.20088
2026-09-04 07:55:00,534.31,535.0,2.0,put,1866,141,0.20742
2026-09-04 07:55:00,534.31,535.5,2.0,call,1698,214,0.19818
2026-09-04 07:55:00,534.31,535.5,2.0,put,1639,250,0.21329
2026-09-04 07:55:00,534.31,536.0,2.0,call,1080,75,0.21041
2026-09-04 07:55:00,534.31,536.0,2.0,put,1155,79,0.2112
2026-09-04 07:55:00,534.31,536.5,2.0,call,707,157,0.21258
2026-09-04 07:55:00,534.31,536.5,2.0,put,711,61,0.21821
2026-09-04 07:55:00,534.31,537.0,2.0,call,352,22,0.21629
2026-09-04 07:55:00,534.31,537.0,2.0,put,284,42,0.22235
2026-09-04 07:55:00,534.31,537.5,2.0,call,218,16,0.22661
2026-09-04 07:55:00,534.31,537.5,2.0,put,271,52,0.22987
2026-09-04 07:55:00,534.31,538.0,2.0,call,25,2,0.22777
2026-09-04 07:55:00,534.31,538.0,2.0,put,50,10,0.24231
2026-09-04 07:55:00,534.31,538.5,2.0,call,25,4,0.23495
2026-09-04 07:55:00,534.31,538.5,2.0,put,25,1,0.24566
2026-09-04 07:55:00,534.31,539.0,2.0,call,25,2,0.24119
2026-09-04 07:55:00,534.31,539.0,2.0,put,132,15,0.25725
2026-09-04 08:00:00,534.27,529.0,2.0,call,49,2,0.25257
2026-09-04 08:00:00,534.27,529.0,2.0,put,25,2,0.25937
2026-09-04 08:00:00,534.27,529.5,2.0,call,25,3,0.24199
2026-09-04 08:00:00,534.27,529.5,2.0,put,25,2,0.26108
2026-09-04 08:00:00,534.27,530.0,2.0,call,25,1,0.23784
2026-09-04 08:00:00,534.27,530.0,2.0,put,69,15,0.24762
2026-09-04 08:00:00,534.27,530.5,2.0,call,107,15,0.23061
2026-09-04 08:00:00,534.27,530.5,2.0,put,174,31,0.24249
2026-09-04 08:00:00,534.27,531.0,2.0,call,93,6,0.21838
2026-09-04 08:00:00,534.27,531.0,2.0,put,95,21,0.23823
2026-09-04 08:00:00,534.27,531.5,2.0,call,334,55,0.21352
2026-09-04 08:00:00,534.27,531.5,2.0,put,395,54,0.22824
2026-09-04 08:00:00,534.27,532.0,2.0,call,543,97,0.20601
2026-09-04 08:00:00,534.27,532.0,2.0,put,552,112,0.22229
2026-09-04 08:00:00,534.27,532.5,2.0,call,742,162,0.211
2026-09-04 08:00:00,534.27,532.5,2.0,put,807,109,0.21597
2026-09-04 08:00:00,534.27,533.0,2.0,call,851,102,0.20155
2026-09-04 08:00:00,534.27,533.0,2.0,put,1001,121,0.21208
2026-09-04 08:00:00,534.27,533.5,2.0,call,1031,139,0.19391
2026-09-04 08:00:00,534.27,533.5,2.0,put,1373,105,0.20813
2026-09-04 08:00:00,534.27,534.0,2.0,call,1495,235,0.18951
2026-09-04 08:00:00,534.27,534.0,2.0,put,1748,163,0.19587
2026-09-04 08:00:00,534.27,534.5,2.0,call,1748,188,0.18838
2026-09-04 08:00:00,534.27,534.5,2.0,put,1665,185,0.20007
2026-09-04 08:00:00,534.27,535.0,2.0,call,1710,120,0.19292
2026-09-04 08:00:00,534.27,535.0,2.0,put,1788,190,0.20604
2026-09-04 08:00:00,534.27,535.5,2.0,call,1491,189,0.19759
2026-09-04 08:00:00,534.27,535.5,2.0,put,1533,178,0.21948
2026-09-04 08:00:00,534.27,536.0,2.0,call,1021,80,0.20324
2026-09-04 08:00:00,534.27,536.0,2.0,put,1146,268,0.21631
2026-09-04 08:00:00,534.27,536.5,2.0,call,641,56,0.20889
2026-09-04 08:00:00,534.27,536.5,2.0,put,609,100,0.21942
2026-09-04 08:00:00,534.27,537.0,2.0,call,284,16,0.2172
2026-09-04 08:00:00,534.27,537.0,2.0,put,189,34,0.23216
2026-09-04 08:00:00,534.27,537.5,2.0,call,165,8,0.2211
2026-09-04 08:00:00,534.27,537.5,2.0,put,170,10,0.23225
2026-09-04 08:00:00,534.27,538.0,2.0,call,25,1,0.23042
2026-09-04 08:00:00,534.27,538.0,2.0,put,123,16,0.24457
2026-09-04 08:00:00,534.27,538.5,2.0,call,25,1,0.24322
2026-09-04 08:00:00,534.27,538.5,2.0,put,65,14,0.24751
2026-09-04 08:00:00,534.27,539.0,2.0,call,25,2,0.24029
2026-09-04 08:00:00,534.27,539.0,2.0,put,25,1,0.25381
2026-09-04 08:05:00,534.22,529.0,2.0,call,25,1,0.24859
2026-09-04 08:05:00,534.22,529.0,2.0,put,65,7,0.26224
2026-09-04 08:05:00,534.22,529.5,2.0,call,148,29,0.2424
2026-09-04 08:05:00,534.22,529.5,2.0,put,25,4,0.25086
2026-09-04 08:05:00,534.22,530.0,2.0,call,25,4,0.23787
2026-09-04 08:05:00,534.22,530.0,2.0,put,25,4,0.24681
2026-09-04 08:05:00,534.22,530.5,2.0,call,51,11,0.22622
2026-09-04 08:05:00,534.22,530.5,2.0,put,48,8,0.23874
2026-09-04 08:05:00,534.22,531.0,2.0,call,113,15,0.22043
2026-09-04 08:05:00,534.22,531.0,2.0,put,164,34,0.23904
2026-09-04 08:05:00,534.22,531.5,2.0,call,455,97,0.21698
2026-09-04 08:05:00,534.22,531.5,2.0,put,397,57,0.22995
2026-09-04 08:05:00,534.22,532.0,2.0,call,618,54,0.21481
2026-09-04 08:05:00,534.22,532.0,2.0,put,583,125,0.2242
2026-09-04 08:05:00,534.22,532.5,2.0,call,679,70,0.20785
2026-09-04 08:05:00,534.22,532.5,2.0,put,837,57,0.21607
2026-09-04 08:05:00,534.22,533.0,2.0,call,784,125,0.20174
2026-09-04 08:05:00,534.22,533.0,2.0,put,1085,158,0.21475
2026-09-04 08:05:00,534.22,533.5,2.0,call,1160,267,0.19307
2026-09-04 08:05:00,534.22,533.5,2.0,put,1467,247,0.20922
2026-09-04 08:05:00,534.22,534.0,2.0,call,1469,132,0.19142
2026-09-04 08:05:00,534.22,534.0,2.0,put,1733,316,0.19856
2026-09-04 08:05:00,534.22,534.5,2.0,call,1836,431,0.18708
2026-09-04 08:05:00,534.22,534.5,2.0,put,1799,236,0.19843
2026-09-04 08:05:00,534.22,535.0,2.0,call,1814,177,0.19275
2026-09-04 08:05:00,534.22,535.0,2.0,put,1755,214,0.20645
2026-09-04 08:05:00,534.22,535.5,2.0,call,1477,258,0.2037
2026-09-04 08:05:00,534.22,535.5,2.0,put,1532,356,0.21597
2026-09-04 08:05:00,534.22,536.0,2.0,call,1109,236,0.20388
2026-09-04 08:05:00,534.22,536.0,2.0,put,1124,117,0.22393
2026-09-04 08:05:00,534.22,536.5,2.0,call,742,122,0.20945
2026-09-04 08:05:00,534.22,536.5,2.0,put,669,136,0.22657
2026-09-04 08:05:00,534.22,537.0,2.0,call,296,34,0.22032
2026-09-04 08:05:00,534.22,537.0,2.0,put,295,49,0.22358
2026-09-04 08:05:00,534.22,537.5,2.0,call,164,38,0.22724
2026-09-04 08:05:00,534.22,537.5,2.0,put,104,21,0.23748
2026-09-04 08:05:00,534.22,538.0,2.0,call,25,2,0.22566
2026-09-04 08:05:00,534.22,538.0,2.0,put,37,6,0.24189
2026-09-04 08:05:00,534.22,538.5,2.0,call,82,12,0.2395
2026-09-04 08:05:00,534.22,538.5,2.0,put,25,1,0.25008
2026-09-04 08:05:00,534.22,539.0,2.0,call,76,5,0.24163
2026-09-04 08:05:00,534.22,539.0,2.0,put,25,1,0.25166
2026-09-04 08:10:00,534.18,529.0,2.0,call,72,9,0.24855
2026-09-04 08:10:00,534.18,529.0,2.0,put,25,4,0.26033
2026-09-04 08:10:00,534.18,529.5,2.0,call,25,3,0.24227
2026-09-04 08:10:00,534.18,529.5,2.0,put,145,27,0.25117
2026-09-04 08:10:00,534.18,530.0,2.0,call,25,3,0.23534
2026-09-04 08:10:00,534.18,530.0,2.0,put,25,4,0.24173
2026-09-04 08:10:00,534.18,530.5,2.0,call,27,6,0.23028
2026-09-04 08:10:00,534.18,530.5,2.0,put,25,5,0.2405
2026-09-04 08:10:00,534.18,531.0,2.0,call,149,13,0.21791
2026-09-04 08:10:00,534.18,531.0,2.0,put,64,10,0.23226
2026-09-04 08:10:00,534.18,531.5,2.0,call,406,82,0.21911
2026-09-04 08:10:00,534.18,531.5,2.0,put,229,17,0.2282
2026-09-04 08:10:00,534.18,532.0,2.0,call,511,67,0.21643
2026-09-04 08:10:00,534.18,532.0,2.0,put,608,89,0.22024
2026-09-04 08:10:00,534.18,532.5,2.0,call,777,152,0.20766
2026-09-04 08:10:00,534.18,532.5,2.0,put,843,201,0.21121
2026-09-04 08:10:00,534.18,533.0,2.0,call,930,119,0.19811
2026-09-04 08:10:00,534.18,533.0,2.0,put,1030,176,0.20702
2026-09-04 08:10:00,534.18,533.5,2.0,call,1224,264,0.1966
2026-09-04 08:10:00,534.18,533.5,2.0,put,1309,136,0.20395
2026-09-04 08:10:00,534.18,534.0,2.0,call,1606,292,0.18509
2026-09-04 08:10:00,534.18,534.0,2.0,put,1837,422,0.19804
2026-09-04 08:10:00,534.18,534.5,2.0,call,1703,280,0.18674
2026-09-04 08:10:00,534.18,534.5,2.0,put,1625,96,0.19895
2026-09-04 08:10:00,534.18,535.0,2.0,call,1817,217,0.19836
2026-09-04 08:10:00,534.18,535.0,2.0,put,1702,351,0.21031
2026-09-04 08:10:00,534.18,535.5,2.0,call,1445,228,0.20051
2026-09-04 08:10:00,534.18,535.5,2.0,put,1385,322,0.20562
2026-09-04 08:10:00,534.18,536.0,2.0,call,967,168,0.20616
2026-09-04 08:10:00,534.18,536.0,2.0,put,1056,110,0.2182
2026-09-04 08:10:00,534.18,536.5,2.0,call,683,49,0.21284
2026-09-04 08:10:00,534.18,536.5,2.0,put,553,43,0.2255
2026-09-04 08:10:00,534.18,537.0,2.0,call,224,34,0.22122
2026-09-04 08:10:00,534.18,537.0,2.0,put,313,19,0.23696
2026-09-04 08:10:00,534.18,537.5,2.0,call,276,37,0.22575
2026-09-04 08:10:00,534.18,537.5,2.0,put,289,62,0.23328
2026-09-04 08:10:00,534.18,538.0,2.0,call,52,10,0.22922
2026-09-04 08:10:00,534.18,538.0,2.0,put,25,4,0.24507
2026-09-04 08:10:00,534.18,538.5,2.0,call,25,2,0.23323
2026-09-04 08:10:00,534.18,538.5,2.0,put,25,5,0.2483
2026-09-04 08:10:00,534.18,539.0,2.0,call,75,8,0.24435
2026-09-04 08:10:00,534.18,539.0,2.0,put,27,3,0.25446
2026-09-04 08:15:00,534.21,529.0,2.0,call,25,2,0.24427
2026-09-04 08:15:00,534.21,529.0,2.0,put,108,23,0.25727
2026-09-04 08:15:00,534.21,529.5,2.0,call,25,3,0.242
2026-09-04 08:15:00,534.21,529.5,2.0,put,25,4,0.25118
2026-09-04 08:15:00,534.21,530.0,2.0,call,25,3,0.22949
2026-09-04 08:15:00,534.21,530.0,2.0,put,25,4,0.24946
2026-09-04 08:15:00,534.21,530.5,2.0,call,25,3,0.23486
2026-09-04 08:15:00,534.21,530.5,2.0,put,75,5,0.23999
2026-09-04 08:15:00,534.21,531.0,2.0,call,205,43,0.22741
2026-09-04 08:15:00,534.21,531.0,2.0,put,162,10,0.23737
2026-09-04 08:15:00,534.21,531.5,2.0,call,254,59,0.21768
2026-09-04 08:15:00,534.21,531.5,2.0,put,265,19,0.22981
2026-09-04 08:15:00,534.21,532.0,2.0,call,684,50,0.20709
2026-09-04 08:15:00,534.21,532.0,2.0,put,529,67,0.22303
2026-09-04 08:15:00,534.21,532.5,2.0,call,777,157,0.20405
2026-09-04 08:15:00,534.21,532.5,2.0,put,793,113,0.21474
2026-09-04 08:15:00,534.21,533.0,2.0,call,1007,148,0.19647
2026-09-04 08:15:00,534.21,533.0,2.0,put,1084,108,0.21303
2026-09-04 08:15:00,534.21,533.5,2.0,call,1197,270,0.18806
2026-09-04 08:15:00,534.21,533.5,2.0,put,1332,87,0.19896
2026-09-04 08:15:00,534.21,534.0,2.0,call,1533,338,0.1864
2026-09-04 08:15:00,534.21,534.0,2.0,put,1725,170,0.19951
2026-09-04 08:15:00,534.21,534.5,2.0,call,1785,415,0.18804
2026-09-04 08:15:00,534.21,534.5,2.0,put,1731,317,0.20116
2026-09-04 08:15:00,534.21,535.0,2.0,call,1821,338,0.19299
2026-09-04 08:15:00,534.21,535.0,2.0,put,1840,217,0.20989
2026-09-04 08:15:00,534.21,535.5,2.0,call,1574,119,0.19996
2026-09-04 08:15:00,534.21,535.5,2.0,put,1535,240,0.21311
2026-09-04 08:15:00,534.21,536.0,2.0,call,983,102,0.20126
2026-09-04 08:15:00,534.21,536.0,2.0,put,958,70,0.22115
2026-09-04 08:15:00,534.21,536.5,2.0,call,653,33,0.21191
2026-09-04 08:15:00,534.21,536.5,2.0,put,526,93,0.22374
2026-09-04 08:15:00,534.21,537.0,2.0,call,319,46,0.21787
2026-09-04 08:15:00,534.21,537.0,2.0,put,274,52,0.2279
2026-09-04 08:15:00,534.21,537.5,2.0,call,25,1,0.2284
2026-09-04 08:15:00,534.21,537.5,2.0,put,124,9,0.23844
2026-09-04 08:15:00,534.21,538.0,2.0,call,123,28,0.22845
2026-09-04 08:15:00,534.21,538.0,2.0,put,25,3,0.2444
2026-09-04 08:15:00,534.21,538.5,2.0,call,92,17,0.24004
2026-09-04 08:15:00,534.21,538.5,2.0,put,104,19,0.24389
2026-09-04 08:15:00,534.21,539.0,2.0,call,25,4,0.24133
2026-09-04 08:15:00,534.21,539.0,2.0,put,65,9,0.2517
2026-09-04 08:20:00,534.16,529.0,2.0,call,101,18,0.24758
2026-09-04 08:20:00,534.16,529.0,2.0,put,74,10,0.25994
2026-09-04 08:20:00,534.16,529.5,2.0,call,25,3,0.23955
2026-09-04 08:20:00,534.16,529.5,2.0,put,25,1,0.2565
2026-09-04 08:20:00,534.16,530.0,2.0,call,25,5,0.241
2026-09-04 08:20:00,534.16,530.0,2.0,put,25,4,0.24763
2026-09-04 08:20:00,534.16,530.5,2.0,call,73,11,0.23129
2026-09-04 08:20:00,534.16,530.5,2.0,put,25,5,0.24146
2026-09-04 08:20:00,534.16,531.0,2.0,call,185,32,0.22391
2026-09-04 08:20:00,534.16,531.0,2.0,put,144,31,0.23279
2026-09-04 08:20:00,534.16,531.5,2.0,call,396,39,0.21654
2026-09-04 08:20:00,534.16,531.5,2.0,put,402,35,0.23272
2026-09-04 08:20:00,534.16,532.0,2.0,call,548,111,0.20931
2026-09-04 08:20:00,534.16,532.0,2.0,put,645,112,0.22711
2026-09-04 08:20:00,534.16,532.5,2.0,call,787,125,0.20947
2026-09-04 08:20:00,534.16,532.5,2.0,put,885,82,0.21338
2026-09-04 08:20:00,534.16,533.0,2.0,call,887,169,0.19638
2026-09-04 08:20:00,534.16,533.0,2.0,put,1235,189,0.21607
2026-09-04 08:20:00,534.16,533.5,2.0,call,1333,291,0.19232
2026-09-04 08:20:00,534.16,533.5,2.0,put,1459,145,0.20333
2026-09-04 08:20:00,534.16,534.0,2.0,call,1575,175,0.18181
2026-09-04 08:20:00,534.16,534.0,2.0,put,1835,333,0.19948
2026-09-04 08:20:00,534.16,534.5,2.0,call,1858,228,0.1914
2026-09-04 08:20:00,534.16,534.5,2.0,put,1688,279,0.19927
2026-09-04 08:20:00,534.16,535.0,2.0,call,1811,96,0.18732
2026-09-04 08:20:00,534.16,535.0,2.0,put,1715,211,0.21174
2026-09-04 08:20:00,534.16,535.5,2.0,call,1477,324,0.19684
2026-09-04 08:20:00,534.16,535.5,2.0,put,1557,261,0.21317
2026-09-04 08:20:00,534.16,536.0,2.0,call,981,71,0.20973
2026-09-04 08:20:00,534.16,536.0,2.0,put,1186,85,0.22287
2026-09-04 08:20:00,534.16,536.5,2.0,call,603,111,0.21709
2026-09-04 08:20:00,534.16,536.5,2.0,put,479,95,0.22592
2026-09-04 08:20:00,534.16,537.0,2.0,call,327,43,0.22024
2026-09-04 08:20:00,534.16,537.0,2.0,put,212,40,0.23126
2026-09-04 08:20:00,534.16,537.5,2.0,call,53,10,0.22128
2026-09-04 08:20:00,534.16,537.5,2.0,put,68,14,0.23304
2026-09-04 08:20:00,534.16,538.0,2.0,call,25,4,0.2323
2026-09-04 08:20:00,534.16,538.0,2.0,put,173,29,0.24104
2026-09-04 08:20:00,534.16,538.5,2.0,call,72,9,0.2361
2026-09-04 08:20:00,534.16,538.5,2.0,put,128,17,0.24561
2026-09-04 08:20:00,534.16,539.0,2.0,call,25,4,0.244
2026-09-04 08:20:00,534.16,539.0,2.0,put,25,2,0.25668
2026-09-04 08:25:00,534.12,529.0,2.0,call,40,3,0.24831
2026-09-04 08:25:00,534.12,529.0,2.0,put,46,4,0.2575
2026-09-04 08:25:00,534.12,529.5,2.0,call,31,7,0.23402
2026-09-04 08:25:00,534.12,529.5,2.0,put,25,2,0.25718
2026-09-04 08:25:00,534.12,530.0,2.0,call,25,4,0.23106
2026-09-04 08:25:00,534.12,530.0,2.0,put,89,9,0.24939
2026-09-04 08:25:00,534.12,530.5,2.0,call,54,6,0.23032
2026-09-04 08:25:00,534.12,530.5,2.0,put,25,3,0.24893
2026-09-04 08:25:00,534.12,531.0,2.0,call,181,38,0.21971
2026-09-04 08:25:00,534.12,531.0,2.0,put,270,63,0.2391
2026-09-04 08:25:00,534.12,531.5,2.0,call,299,20,0.21591
2026-09-04 08:25:00,534.12,531.5,2.0,put,169,11,0.22872
2026-09-04 08:25:00,534.12,532.0,2.0,call,461,67,0.21011
2026-09-04 08:25:00,534.12,532.0,2.0,put,766,89,0.22231
2026-09-04 08:25:00,534.12,532.5,2.0,call,854,92,0.20343
2026-09-04 08:25:00,534.12,532.5,2.0,put,958,108,0.2156
2026-09-04 08:25:00,534.12,533.0,2.0,call,914,69,0.20334
2026-09-04 08:25:00,534.12,533.0,2.0,put,1097,189,0.20775
2026-09-04 08:25:00,534.12,533.5,2.0,call,1206,84,0.1968
2026-09-04 08:25:00,534.12,533.5,2.0,put,1669,212,0.20229
2026-09-04 08:25:00,534.12,534.0,2.0,call,1647,128,0.18884
2026-09-04 08:25:00,534.12,534.0,2.0,put,1861,106,0.20026
2026-09-04 08:25:00,534.12,534.5,2.0,call,1767,151,0.1844
2026-09-04 08:25:00,534.12,534.5,2.0,put,1776,244,0.20113
2026-09-04 08:25:00,534.12,535.0,2.0,call,1692,167,0.19692
2026-09-04 08:25:00,534.12,535.0,2.0,put,1660,251,0.20473
2026-09-04 08:25:00,534.12,535.5,2.0,call,1488,354,0.20411
2026-09-04 08:25:00,534.12,535.5,2.0,put,1411,203,0.20902
2026-09-04 08:25:00,534.12,536.0,2.0,call,1078,93,0.19922
2026-09-04 08:25:00,534.12,536.0,2.0,put,1159,221,0.21646
2026-09-04 08:25:00,534.12,536.5,2.0,call,558,61,0.21387
2026-09-04 08:25:00,534.12,536.5,2.0,put,443,46,0.22696
2026-09-04 08:25:00,534.12,537.0,2.0,call,269,17,0.2198
2026-09-04 08:25:00,534.12,537.0,2.0,put,418,74,0.23234
2026-09-04 08:25:00,534.12,537.5,2.0,call,25,1,0.22955
2026-09-04 08:25:00,534.12,537.5,2.0,put,31,3,0.23737
2026-09-04 08:25:00,534.12,538.0,2.0,call,25,4,0.23002
2026-09-04 08:25:00,534.12,538.0,2.0,put,25,5,0.24552
2026-09-04 08:25:00,534.12,538.5,2.0,call,25,2,0.23841
2026-09-04 08:25:00,534.12,538.5,2.0,put,25,5,0.25753
2026-09-04 08:25:00,534.12,539.0,2.0,call,60,3,0.24304
2026-09-04 08:25:00,534.12,539.0,2.0,put,25,4,0.26009
2026-09-04 08:30:00,534.08,529.0,2.0,call,25,2,0.24477
2026-09-04 08:30:00,534.08,529.0,2.0,put,25,1,0.25676
2026-09-04 08:30:00,534.08,529.5,2.0,call,25,4,0.24489
2026-09-04 08:30:00,534.08,529.5,2.0,put,43,10,0.25435
2026-09-04 08:30:00,534.08,530.0,2.0,call,115,17,0.23611
2026-09-04 08:30:00,534.08,530.0,2.0,put,230,14,0.24949
2026-09-04 08:30:00,534.08,530.5,2.0,call,162,20,0.23026
2026-09-04 08:30:00,534.08,530.5,2.0,put,153,31,0.24121
2026-09-04 08:30:00,534.08,531.0,2.0,call,70,14,0.22007
2026-09-04 08:30:00,534.08,531.0,2.0,put,140,14,0.23535
2026-09-04 08:30:00,534.08,531.5,2.0,call,200,42,0.21951
2026-09-04 08:30:00,534.08,531.5,2.0,put,406,22,0.22769
2026-09-04 08:30:00,534.08,532.0,2.0,call,571,99,0.2048
2026-09-04 08:30:00,534.08,532.0,2.0,put,673,143,0.21628
2026-09-04 08:30:00,534.08,532.5,2.0,call,843,116,0.20362
2026-09-04 08:30:00,534.08,532.5,2.0,put,1001,113,0.21646
2026-09-04 08:30:00,534.08,533.0,2.0,call,1115,85,0.19667
2026-09-04 08:30:00,534.08,533.0,2.0,put,1171,161,0.21473
2026-09-04 08:30:00,534.08,533.5,2.0,call,1226,286,0.1881
2026-09-04 08:30:00,534.08,533.5,2.0,put,1540,156,0.19599
2026-09-04 08:30:00,534.08,534.0,2.0,call,1602,333,0.18459
2026-09-04 08:30:00,534.08,534.0,2.0,put,1970,216,0.19469
2026-09-04 08:30:00,534.08,534.5,2.0,call,1912,97,0.19479
2026-09-04 08:30:00,534.08,534.5,2.0,put,1832,389,0.20184
2026-09-04 08:30:00,534.08,535.0,2.0,call,1846,170,0.19604
2026-09-04 08:30:00,534.08,535.0,2.0,put,1761,259,0.20626
2026-09-04 08:30:00,534.08,535.5,2.0,call,1571,191,0.20767
2026-09-04 08:30:00,534.08,535.5,2.0,put,1350,171,0.21628
2026-09-04 08:30:00,534.08,536.0,2.0,call,1015,124,0.20598
2026-09-04 08:30:00,534.08,536.0,2.0,put,970,162,0.21602
2026-09-04 08:30:00,534.08,536.5,2.0,call,600,120,0.2152
2026-09-04 08:30:00,534.08,536.5,2.0,put,631,117,0.2261
2026-09-04 08:30:00,534.08,537.0,2.0,call,405,82,0.21895
2026-09-04 08:30:00,534.08,537.0,2.0,put,304,24,0.2294
2026-09-04 08:30:00,534.08,537.5,2.0,call,102,10,0.21998
2026-09-04 08:30:00,534.08,537.5,2.0,put,84,4,0.23669
2026-09-04 08:30:00,534.08,538.0,2.0,call,25,4,0.23192
2026-09-04 08:30:00,534.08,538.0,2.0,put,38,7,0.24599
2026-09-04 08:30:00,534.08,538.5,2.0,call,25,2,0.24206
2026-09-04 08:30:00,534.08,538.5,2.0,put,25,3,0.25335
2026-09-04 08:30:00,534.08,539.0,2.0,call,25,3,0.24472
2026-09-04 08:30:00,534.08,539.0,2.0,put,77,14,0.25349
2026-09-04 08:35:00,533.98,529.0,2.0,call,25,1,0.24213
2026-09-04 08:35:00,533.98,529.0,2.0,put,25,2,0.25402
2026-09-04 08:35:00,533.98,529.5,2.0,call,25,3,0.23652
2026-09-04 08:35:00,533.98,529.5,2.0,put,25,2,0.25175
2026-09-04 08:35:00,533.98,530.0,2.0,call,25,1,0.23001
2026-09-04 08:35:00,533.98,530.0,2.0,put,25,1,0.24741
2026-09-04 08:35:00,533.98,530.5,2.0,call,25,3,0.23017
2026-09-04 08:35:00,533.98,530.5,2.0,put,25,5,0.23562
2026-09-04 08:35:00,533.98,531.0,2.0,call,84,10,0.22729
2026-09-04 08:35:00,533.98,531.0,2.0,put,131,23,0.23107
2026-09-04 08:35:00,533.98,531.5,2.0,call,312,55,0.21533
2026-09-04 08:35:00,533.98,531.5,2.0,put,538,79,0.2311
2026-09-04 08:35:00,533.98,532.0,2.0,call,593,80,0.20443
2026-09-04 08:35:00,533.98,532.0,2.0,put,650,65,0.22003
2026-09-04 08:35:00,533.98,532.5,2.0,call,692,64,0.2016
2026-09-04 08:35:00,533.98,532.5,2.0,put,934,161,0.21408
2026-09-04 08:35:00,533.98,533.0,2.0,call,1144,99,0.19397
2026-09-04 08:35:00,533.98,533.0,2.0,put,1307,284,0.20763
2026-09-04 08:35:00,533.98,533.5,2.0,call,1375,287,0.19058
2026-09-04 08:35:00,533.98,533.5,2.0,put,1723,278,0.20733
2026-09-04 08:35:00,533.98,534.0,2.0,call,1761,349,0.18759
2026-09-04 08:35:00,533.98,534.0,2.0,put,1599,227,0.19337
2026-09-04 08:35:00,533.98,534.5,2.0,call,1806,145,0.18969
2026-09-04 08:35:00,533.98,534.5,2.0,put,1841,178,0.20473
2026-09-04 08:35:00,533.98,535.0,2.0,call,1594,141,0.196
2026-09-04 08:35:00,533.98,535.0,2.0,put,1612,154,0.20622
2026-09-04 08:35:00,533.98,535.5,2.0,call,1307,232,0.20493
2026-09-04 08:35:00,533.98,535.5,2.0,put,1239,163,0.21248
2026-09-04 08:35:00,533.98,536.0,2.0,call,871,83,0.21296
2026-09-04 08:35:00,533.98,536.0,2.0,put,806,71,0.22226
2026-09-04 08:35:00,533.98,536.5,2.0,call,518,53,0.2184
2026-09-04 08:35:00,533.98,536.5,2.0,put,456,74,0.23098
2026-09-04 08:35:00,533.98,537.0,2.0,call,189,13,0.22173
2026-09-04 08:35:00,533.98,537.0,2.0,put,202,46,0.23237
2026-09-04 08:35:00,533.98,537.5,2.0,call,126,11,0.22919
2026-09-04 08:35:00,533.98,537.5,2.0,put,96,5,0.23262
2026-09-04 08:35:00,533.98,538.0,2.0,call,25,2,0.23095
2026-09-04 08:35:00,533.98,538.0,2.0,put,27,3,0.24725
2026-09-04 08:35:00,533.98,538.5,2.0,call,25,4,0.23371
2026-09-04 08:35:00,533.98,538.5,2.0,put,53,10,0.25366
2026-09-04 08:35:00,533.98,539.0,2.0,call,25,5,0.25197
2026-09-04 08:35:00,533.98,539.0,2.0,put,25,5,0.25641
2026-09-04 08:40:00,533.86,529.0,2.0,call,25,1,0.2485
2026-09-04 08:40:00,533.86,529.0,2.0,put,25,2,0.25884
2026-09-04 08:40:00,533.86,529.5,2.0,call,80,17,0.24079
2026-09-04 08:40:00,533.86,529.5,2.0,put,25,1,0.24517
2026-09-04 08:40:00,533.86,530.0,2.0,call,25,2,0.2293
2026-09-04 08:40:00,533.86,530.0,2.0,put,198,10,0.2414
2026-09-04 08:40:00,533.86,530.5,2.0,call,108,7,0.22678
2026-09-04 08:40:00,533.86,530.5,2.0,put,25,1,0.24145
2026-09-04 08:40:00,533.86,531.0,2.0,call,120,21,0.22237
2026-09-04 08:40:00,533.86,531.0,2.0,put,189,18,0.23018
2026-09-04 08:40:00,533.86,531.5,2.0,call,298,66,0.21365
2026-09-04 08:40:00,533.86,531.5,2.0,put,496,90,0.22063
2026-09-04 08:40:00,533.86,532.0,2.0,call,653,76,0.20869
2026-09-04 08:40:00,533.86,532.0,2.0,put,801,128,0.21647
2026-09-04 08:40:00,533.86,532.5,2.0,call,991,201,0.19484
2026-09-04 08:40:00,533.86,532.5,2.0,put,1147,233,0.2124
2026-09-04 08:40:00,533.86,533.0,2.0,call,1133,209,0.19185
2026-09-04 08:40:00,533.86,533.0,2.0,put,1386,206,0.20043
2026-09-04 08:40:00,533.86,533.5,2.0,call,1591,212,0.18612
2026-09-04 08:40:00,533.86,533.5,2.0,put,1823,97,0.19671
2026-09-04 08:40:00,533.86,534.0,2.0,call,1913,201,0.18742
2026-09-04 08:40:00,533.86,534.0,2.0,put,1798,341,0.19731
2026-09-04 08:40:00,533.86,534.5,2.0,call,1904,397,0.19605
2026-09-04 08:40:00,533.86,534.5,2.0,put,1780,353,0.21037
2026-09-04 08:40:00,533.86,535.0,2.0,call,1629,200,0.20541
2026-09-04 08:40:00,533.86,535.0,2.0,put,1632,269,0.21288
2026-09-04 08:40:00,533.86,535.5,2.0,call,1095,261,0.2083
2026-09-04 08:40:00,533.86,535.5,2.0,put,1138,261,0.21721
2026-09-04 08:40:00,533.86,536.0,2.0,call,718,147,0.21238
2026-09-04 08:40:00,533.86,536.0,2.0,put,574,118,0.22147
2026-09-04 08:40:00,533.86,536.5,2.0,call,342,70,0.213
2026-09-04 08:40:00,533.86,536.5,2.0,put,403,40,0.22673
2026-09-04 08:40:00,533.86,537.0,2.0,call,55,6,0.22376
2026-09-04 08:40:00,533.86,537.0,2.0,put,83,4,0.23787
2026-09-04 08:40:00,533.86,537.5,2.0,call,124,8,0.22779
2026-09-04 08:40:00,533.86,537.5,2.0,put,25,3,0.24161
2026-09-04 08:40:00,533.86,538.0,2.0,call,93,17,0.23827
2026-09-04 08:40:00,533.86,538.0,2.0,put,74,9,0.24819
2026-09-04 08:40:00,533.86,538.5,2.0,call,31,3,0.24136
2026-09-04 08:40:00,533.86,538.5,2.0,put,72,4,0.25789
2026-09-04 08:40:00,533.86,539.0,2.0,call,25,5,0.24641
2026-09-04 08:40:00,533.86,539.0,2.0,put,25,1,0.25775
2026-09-04 08:45:00,533.73,529.0,2.0,call,25,5,0.24081
2026-09-04 08:45:00,533.73,529.0,2.0,put,173,21,0.25656
2026-09-04 08:45:00,533.73,529.5,2.0,call,25,5,0.23777
2026-09-04 08:45:00,533.73,529.5,2.0,put,148,33,0.24957
2026-09-04 08:45:00,533.73,530.0,2.0,call,35,4,0.2297
2026-09-04 08:45:00,533.73,530.0,2.0,put,25,3,0.24356
2026-09-04 08:45:00,533.73,530.5,2.0,call,95,10,0.21974
2026-09-04 08:45:00,533.73,530.5,2.0,put,185,18,0.23881
2026-09-04 08:45:00,533.73,531.0,2.0,call,268,28,0.2202
2026-09-04 08:45:00,533.73,531.0,2.0,put,176,38,0.2295
2026-09-04 08:45:00,533.73,531.5,2.0,call,383,73,0.21213
2026-09-04 08:45:00,533.73,531.5,2.0,put,428,84,0.22478
2026-09-04 08:45:00,533.73,532.0,2.0,call,621,139,0.2056
2026-09-04 08:45:00,533.73,532.0,2.0,put,741,144,0.21593
2026-09-04 08:45:00,533.73,532.5,2.0,call,1160,167,0.20111
2026-09-04 08:45:00,533.73,532.5,2.0,put,1168,222,0.21273
2026-09-04 08:45:00,533.73,533.0,2.0,call,1346,272,0.19468
2026-09-04 08:45:00,533.73,533.0,2.0,put,1668,242,0.21206
2026-09-04 08:45:00,533.73,533.5,2.0,call,1592,132,0.18475
2026-09-04 08:45:00,533.73,533.5,2.0,put,2049,165,0.19959
2026-09-04 08:45:00,533.73,534.0,2.0,call,1911,266,0.1849
2026-09-04 08:45:00,533.73,534.0,2.0,put,1822,428,0.20065
2026-09-04 08:45:00,533.73,534.5,2.0,call,1800,396,0.19219
2026-09-04 08:45:00,533.73,534.5,2.0,put,1780,185,0.20783
2026-09-04 08:45:00,533.73,535.0,2.0,call,1609,263,0.19989
2026-09-04 08:45:00,533.73,535.0,2.0,put,1474,161,0.20938
2026-09-04 08:45:00,533.73,535.5,2.0,call,1035,98,0.20833
2026-09-04 08:45:00,533.73,535.5,2.0,put,1052,241,0.21935
2026-09-04 08:45:00,533.73,536.0,2.0,call,586,93,0.21403
2026-09-04 08:45:00,533.73,536.0,2.0,put,623,76,0.22719
2026-09-04 08:45:00,533.73,536.5,2.0,call,374,27,0.2159
2026-09-04 08:45:00,533.73,536.5,2.0,put,397,57,0.22802
2026-09-04 08:45:00,533.73,537.0,2.0,call,31,4,0.22275
2026-09-04 08:45:00,533.73,537.0,2.0,put,25,4,0.2324
2026-09-04 08:45:00,533.73,537.5,2.0,call,25,2,0.22819
2026-09-04 08:45:00,533.73,537.5,2.0,put,32,6,0.24468
2026-09-04 08:45:00,533.73,538.0,2.0,call,25,3,0.23376
2026-09-04 08:45:00,533.73,538.0,2.0,put,132,20,0.24493
2026-09-04 08:45:00,533.73,538.5,2.0,call,25,4,0.24368
2026-09-04 08:45:00,533.73,538.5,2.0,put,130,15,0.25262
2026-09-04 08:45:00,533.73,539.0,2.0,call,25,3,0.24899
2026-09-04 08:45:00,533.73,539.0,2.0,put,25,1,0.26053
2026-09-04 08:50:00,533.6,529.0,2.0,call,25,2,0.24054
2026-09-04 08:50:00,533.6,529.0,2.0,put,25,2,0.2511
2026-09-04 08:50:00,533.6,529.5,2.0,call,27,1,0.23153
2026-09-04 08:50:00,533.6,529.5,2.0,put,67,10,0.2447
2026-09-04 08:50:00,533.6,530.0,2.0,call,25,2,0.23016
2026-09-04 08:50:00,533.6,530.0,2.0,put,25,1,0.24235
2026-09-04 08:50:00,533.6,530.5,2.0,call,38,2,0.21885
2026-09-04 08:50:00,533.6,530.5,2.0,put,179,31,0.23491
2026-09-04 08:50:00,533.6,531.0,2.0,call,65,5,0.21913
2026-09-04 08:50:00,533.6,531.0,2.0,put,354,61,0.23194
2026-09-04 08:50:00,533.6,531.5,2.0,call,380,74,0.2102
2026-09-04 08:50:00,533.6,531.5,2.0,put,520,98,0.22502
2026-09-04 08:50:00,533.6,532.0,2.0,call,847,154,0.20013
2026-09-04 08:50:00,533.6,532.0,2.0,put,896,121,0.20909
2026-09-04 08:50:00,533.6,532.5,2.0,call,1181,205,0.19677
2026-09-04 08:50:00,533.6,532.5,2.0,put,1463,181,0.20794
2026-09-04 08:50:00,533.6,533.0,2.0,call,1484,237,0.18991
2026-09-04 08:50:00,533.6,533.0,2.0,put,1729,384,0.20285
2026-09-04 08:50:00,533.6,533.5,2.0,call,1877,352,0.18861
2026-09-04 08:50:00,533.6,533.5,2.0,put,2066,216,0.20257
2026-09-04 08:50:00,533.6,534.0,2.0,call,1882,132,0.18695
2026-09-04 08:50:00,533.6,534.0,2.0,put,1866,392,0.20077
2026-09-04 08:50:00,533.6,534.5,2.0,call,1791,343,0.19381
2026-09-04 08:50:00,533.6,534.5,2.0,put,1755,262,0.20558
2026-09-04 08:50:00,533.6,535.0,2.0,call,1302,189,0.1966
2026-09-04 08:50:00,533.6,535.0,2.0,put,1393,202,0.21183
2026-09-04 08:50:00,533.6,535.5,2.0,call,843,178,0.21341
2026-09-04 08:50:00,533.6,535.5,2.0,put,820,131,0.2216
2026-09-04 08:50:00,533.6,536.0,2.0,call,475,90,0.21693
2026-09-04 08:50:00,533.6,536.0,2.0,put,621,86,0.2249
2026-09-04 08:50:00,533.6,536.5,2.0,call,300,16,0.2258
2026-09-04 08:50:00,533.6,536.5,2.0,put,187,39,0.22805
2026-09-04 08:50:00,533.6,537.0,2.0,call,232,32,0.21918
2026-09-04 08:50:00,533.6,537.0,2.0,put,76,12,0.24355
2026-09-04 08:50:00,533.6,537.5,2.0,call,25,4,0.23358
2026-09-04 08:50:00,533.6,537.5,2.0,put,137,13,0.24692
2026-09-04 08:50:00,533.6,538.0,2.0,call,43,6,0.23803
2026-09-04 08:50:00,533.6,538.0,2.0,put,25,3,0.24664
2026-09-04 08:50:00,533.6,538.5,2.0,call,25,4,0.23964
2026-09-04 08:50:00,533.6,538.5,2.0,put,83,17,0.25552
2026-09-04 08:50:00,533.6,539.0,2.0,call,25,5,0.25122
2026-09-04 08:50:00,533.6,539.0,2.0,put,52,7,0.26478
2026-09-04 08:55:00,533.47,529.0,2.0,call,25,1,0.23393
2026-09-04 08:55:00,533.47,529.0,2.0,put,62,12,0.24939
2026-09-04 08:55:00,533.47,529.5,2.0,call,85,9,0.22419
2026-09-04 08:55:00,533.47,529.5,2.0,put,25,3,0.24784
2026-09-04 08:55:00,533.47,530.0,2.0,call,193,12,0.22686
2026-09-04 08:55:00,533.47,530.0,2.0,put,25,5,0.24057
2026-09-04 08:55:00,533.47,530.5,2.0,call,163,17,0.22535
2026-09-04 08:55:00,533.47,530.5,2.0,put,25,1,0.23612
2026-09-04 08:55:00,533.47,531.0,2.0,call,260,47,0.21253
2026-09-04 08:55:00,533.47,531.0,2.0,put,205,29,0.23008
2026-09-04 08:55:00,533.47,531.5,2.0,call,380,84,0.21047
2026-09-04 08:55:00,533.47,531.5,2.0,put,585,59,0.22519
2026-09-04 08:55:00,533.47,532.0,2.0,call,871,138,0.20433
2026-09-04 08:55:00,533.47,532.0,2.0,put,1106,75,0.21849
2026-09-04 08:55:00,533.47,532.5,2.0,call,1221,66,0.19373
2026-09-04 08:55:00,533.47,532.5,2.0,put,1275,75,0.20658
2026-09-04 08:55:00,533.47,533.0,2.0,call,1636,390,0.19493
2026-09-04 08:55:00,533.47,533.0,2.0,put,1864,363,0.20051
2026-09-04 08:55:00,533.47,533.5,2.0,call,1795,253,0.18373
2026-09-04 08:55:00,533.47,533.5,2.0,put,1851,230,0.19312
2026-09-04 08:55:00,533.47,534.0,2.0,call,1877,445,0.19184
2026-09-04 08:55:00,533.47,534.0,2.0,put,2026,310,0.20242
2026-09-04 08:55:00,533.47,534.5,2.0,call,1566,183,0.1923
2026-09-04 08:55:00,533.47,534.5,2.0,put,1731,102,0.20955
2026-09-04 08:55:00,533.47,535.0,2.0,call,1215,62,0.20757
2026-09-04 08:55:00,533.47,535.0,2.0,put,1210,153,0.21294
2026-09-04 08:55:00,533.47,535.5,2.0,call,848,150,0.20596
2026-09-04 08:55:00,533.47,535.5,2.0,put,690,98,0.22277
2026-09-04 08:55:00,533.47,536.0,2.0,call,588,93,0.21821
2026-09-04 08:55:00,533.47,536.0,2.0,put,426,97,0.22653
2026-09-04 08:55:00,533.47,536.5,2.0,call,159,16,0.22715
2026-09-04 08:55:00,533.47,536.5,2.0,put,42,6,0.23435
2026-09-04 08:55:00,533.47,537.0,2.0,call,25,4,0.22999
2026-09-04 08:55:00,533.47,537.0,2.0,put,73,6,0.24144
2026-09-04 08:55:00,533.47,537.5,2.0,call,25,2,0.24019
2026-09-04 08:55:00,533.47,537.5,2.0,put,87,15,0.24114
2026-09-04 08:55:00,533.47,538.0,2.0,call,25,4,0.2376
2026-09-04 08:55:00,533.47,538.0,2.0,put,72,4,0.25097
2026-09-04 08:55:00,533.47,538.5,2.0,call,25,2,0.24563
2026-09-04 08:55:00,533.47,538.5,2.0,put,25,1,0.26302
2026-09-04 08:55:00,533.47,539.0,2.0,call,25,5,0.24893
2026-09-04 08:55:00,533.47,539.0,2.0,put,84,5,0.26436
2026-09-04 09:00:00,533.34,529.0,2.0,call,25,2,0.24027
2026-09-04 09:00:00,533.34,529.0,2.0,put,25,2,0.25333
2026-09-04 09:00:00,533.34,529.5,2.0,call,25,5,0.23333
2026-09-04 09:00:00,533.34,529.5,2.0,put,130,8,0.24662
2026-09-04 09:00:00,533.34,530.0,2.0,call,25,3,0.22539
2026-09-04 09:00:00,533.34,530.0,2.0,put,25,2,0.23229
2026-09-04 09:00:00,533.34,530.5,2.0,call,25,2,0.22497
2026-09-04 09:00:00,533.34,530.5,2.0,put,148,14,0.22953
2026-09-04 09:00:00,533.34,531.0,2.0,call,232,40,0.20984
2026-09-04 09:00:00,533.34,531.0,2.0,put,194,19,0.22412
2026-09-04 09:00:00,533.34,531.5,2.0,call,452,37,0.20629
2026-09-04 09:00:00,533.34,531.5,2.0,put,688,116,0.21818
2026-09-04 09:00:00,533.34,532.0,2.0,call,939,182,0.19908
2026-09-04 09:00:00,533.34,532.0,2.0,put,1037,245,0.21502
2026-09-04 09:00:00,533.34,532.5,2.0,call,1452,300,0.1939
2026-09-04 09:00:00,533.34,532.5,2.0,put,1533,266,0.20572
2026-09-04 09:00:00,533.34,533.0,2.0,call,1687,105,0.18961
2026-09-04 09:00:00,533.34,533.0,2.0,put,1887,217,0.20407
2026-09-04 09:00:00,533.34,533.5,2.0,call,1882,392,0.18471
2026-09-04 09:00:00,533.34,533.5,2.0,put,2001,350,0.19651
2026-09-04 09:00:00,533.34,534.0,2.0,call,1855,108,0.1935
2026-09-04 09:00:00,533.34,534.0,2.0,put,1894,185,0.20325
2026-09-04 09:00:00,533.34,534.5,2.0,call,1328,258,0.19323
2026-09-04 09:00:00,533.34,534.5,2.0,put,1602,374,0.21174
2026-09-04 09:00:00,533.34,535.0,2.0,call,1099,83,0.20452
2026-09-04 09:00:00,533.34,535.0,2.0,put,1088,217,0.21415
2026-09-04 09:00:00,533.34,535.5,2.0,call,751,91,0.21379
2026-09-04 09:00:00,533.34,535.5,2.0,put,650,48,0.22241
2026-09-04 09:00:00,533.34,536.0,2.0,call,361,77,0.21764
2026-09-04 09:00:00,533.34,536.0,2.0,put,282,54,0.2339
2026-09-04 09:00:00,533.34,536.5,2.0,call,114,25,0.22732
2026-09-04 09:00:00,533.34,536.5,2.0,put,210,41,0.23372
2026-09-04 09:00:00,533.34,537.0,2.0,call,210,22,0.23056
2026-09-04 09:00:00,533.34,537.0,2.0,put,33,4,0.23692
2026-09-04 09:00:00,533.34,537.5,2.0,call,41,2,0.2342
2026-09-04 09:00:00,533.34,537.5,2.0,put,25,5,0.24594
2026-09-04 09:00:00,533.34,538.0,2.0,call,25,4,0.24438
2026-09-04 09:00:00,533.34,538.0,2.0,put,200,17,0.25114
2026-09-04 09:00:00,533.34,538.5,2.0,call,25,5,0.24577
2026-09-04 09:00:00,533.34,538.5,2.0,put,25,2,0.26182
2026-09-04 09:00:00,533.34,539.0,2.0,call,42,8,0.25356
2026-09-04 09:00:00,533.34,539.0,2.0,put,46,4,0.26173
2026-09-04 09:05:00,533.2,529.0,2.0,call,25,2,0.24026
2026-09-04 09:05:00,533.2,529.0,2.0,put,105,16,0.2438
2026-09-04 09:05:00,533.2,529.5,2.0,call,25,2,0.22964
2026-09-04 09:05:00,533.2,529.5,2.0,put,25,1,0.24022
2026-09-04 09:05:00,533.2,530.0,2.0,call,86,11,0.22252
2026-09-04 09:05:00,533.2,530.0,2.0,put,25,3,0.23784
2026-09-04 09:05:00,533.2,530.5,2.0,call,78,17,0.21622
2026-09-04 09:05:00,533.2,530.5,2.0,put,25,5,0.22623
2026-09-04 09:05:00,533.2,531.0,2.0,call,319,25,0.20643
2026-09-04 09:05:00,533.2,531.0,2.0,put,236,47,0.22094
2026-09-04 09:05:00,533.2,531.5,2.0,call,511,106,0.20468
2026-09-04 09:05:00,533.2,531.5,2.0,put,714,151,0.21832
2026-09-04 09:05:00,533.2,532.0,2.0,call,982,213,0.20115
2026-09-04 09:05:00,533.2,532.0,2.0,put,1193,179,0.20814
2026-09-04 09:05:00,533.2,532.5,2.0,call,1501,329,0.19262
2026-09-04 09:05:00,533.2,532.5,2.0,put,1651,370,0.21285
2026-09-04 09:05:00,533.2,533.0,2.0,call,1814,101,0.18853
2026-09-04 09:05:00,533.2,533.0,2.0,put,1904,280,0.19728
2026-09-04 09:05:00,533.2,533.5,2.0,call,2068,259,0.18627
2026-09-04 09:05:00,533.2,533.5,2.0,put,1956,366,0.20064
2026-09-04 09:05:00,533.2,534.0,2.0,call,1802,391,0.19054
2026-09-04 09:05:00,533.2,534.0,2.0,put,1826,411,0.21251
2026-09-04 09:05:00,533.2,534.5,2.0,call,1522,197,0.20415
2026-09-04 09:05:00,533.2,534.5,2.0,put,1544,142,0.21585
2026-09-04 09:05:00,533.2,535.0,2.0,call,985,55,0.20714
2026-09-04 09:05:00,533.2,535.0,2.0,put,1014,172,0.21625
2026-09-04 09:05:00,533.2,535.5,2.0,call,411,72,0.20652
2026-09-04 09:05:00,533.2,535.5,2.0,put,563,68,0.21957
2026-09-04 09:05:00,533.2,536.0,2.0,call,309,26,0.21889
2026-09-04 09:05:00,533.2,536.0,2.0,put,377,80,0.22698
2026-09-04 09:05:00,533.2,536.5,2.0,call,173,28,0.22585
2026-09-04 09:05:00,533.2,536.5,2.0,put,166,22,0.23482
2026-09-04 09:05:00,533.2,537.0,2.0,call,25,4,0.2303
2026-09-04 09:05:00,533.2,537.0,2.0,put,25,5,0.24433
2026-09-04 09:05:00,533.2,537.5,2.0,call,25,1,0.23093
2026-09-04 09:05:00,533.2,537.5,2.0,put,25,5,0.2487
2026-09-04 09:05:00,533.2,538.0,2.0,call,25,1,0.24243
2026-09-04 09:05:00,533.2,538.0,2.0,put,25,4,0.25672
2026-09-04 09:05:00,533.2,538.5,2.0,call,25,2,0.24993
2026-09-04 09:05:00,533.2,538.5,2.0,put,78,11,0.26106
2026-09-04 09:05:00,533.2,539.0,2.0,call,25,2,0.25765
2026-09-04 09:05:00,533.2,539.0,2.0,put,66,4,0.26923
2026-09-04 09:10:00,533.08,529.0,2.0,call,25,4,0.23388
2026-09-04 09:10:00,533.08,529.0,2.0,put,25,5,0.24628
2026-09-04 09:10:00,533.08,529.5,2.0,call,25,1,0.22531
2026-09-04 09:10:00,533.08,529.5,2.0,put,177,29,0.2404
2026-09-04 09:10:00,533.08,530.0,2.0,call,25,2,0.22076
2026-09-04 09:10:00,533.08,530.0,2.0,put,191,40,0.22722
2026-09-04 09:10:00,533.08,530.5,2.0,call,118,12,0.21471
2026-09-04 09:10:00,533.08,530.5,2.0,put,25,4,0.23298
2026-09-04 09:10:00,533.08,531.0,2.0,call,179,27,0.20825
2026-09-04 09:10:00,533.08,531.0,2.0,put,549,57,0.2214
2026-09-04 09:10:00,533.08,531.5,2.0,call,749,117,0.20218
2026-09-04 09:10:00,533.08,531.5,2.0,put,829,106,0.21059
2026-09-04 09:10:00,533.08,532.0,2.0,call,1292,254,0.19613
2026-09-04 09:10:00,533.08,532.0,2.0,put,1349,193,0.2059
2026-09-04 09:10:00,533.08,532.5,2.0,call,1585,277,0.19218
2026-09-04 09:10:00,533.08,532.5,2.0,put,1953,246,0.20544
2026-09-04 09:10:00,533.08,533.0,2.0,call,1977,117,0.18665
2026-09-04 09:10:00,533.08,533.0,2.0,put,2149,293,0.19933
2026-09-04 09:10:00,533.08,533.5,2.0,call,1997,407,0.19039
2026-09-04 09:10:00,533.08,533.5,2.0,put,1942,121,0.20168
2026-09-04 09:10:00,533.08,534.0,2.0,call,1720,237,0.1982
2026-09-04 09:10:00,533.08,534.0,2.0,put,1735,106,0.20714
2026-09-04 09:10:00,533.08,534.5,2.0,call,1328,194,0.19978
2026-09-04 09:10:00,533.08,534.5,2.0,put,1319,308,0.21326
2026-09-04 09:10:00,533.08,535.0,2.0,call,970,91,0.20726
2026-09-04 09:10:00,533.08,535.0,2.0,put,976,213,0.22118
2026-09-04 09:10:00,533.08,535.5,2.0,call,522,41,0.22129
2026-09-04 09:10:00,533.08,535.5,2.0,put,477,67,0.22996
2026-09-04 09:10:00,533.08,536.0,2.0,call,175,9,0.21106
2026-09-04 09:10:00,533.08,536.0,2.0,put,274,30,0.23444
2026-09-04 09:10:00,533.08,536.5,2.0,call,143,13,0.2259
2026-09-04 09:10:00,533.08,536.5,2.0,put,140,15,0.23698
2026-09-04 09:10:00,533.08,537.0,2.0,call,96,14,0.22804
2026-09-04 09:10:00,533.08,537.0,2.0,put,48,4,0.24158
2026-09-04 09:10:00,533.08,537.5,2.0,call,36,6,0.23333
2026-09-04 09:10:00,533.08,537.5,2.0,put,25,2,0.2455
2026-09-04 09:10:00,533.08,538.0,2.0,call,25,5,0.24596
2026-09-04 09:10:00,533.08,538.0,2.0,put,25,1,0.25646
2026-09-04 09:10:00,533.08,538.5,2.0,call,56,4,0.24655
2026-09-04 09:10:00,533.08,538.5,2.0,put,70,11,0.26315
2026-09-04 09:10:00,533.08,539.0,2.0,call,25,2,0.25637
2026-09-04 09:10:00,533.08,539.0,2.0,put,58,7,0.26839
2026-09-04 09:15:00,532.96,529.0,2.0,call,25,5,0.23317
2026-09-04 09:15:00,532.96,529.0,2.0,put,25,2,0.24571
2026-09-04 09:15:00,532.96,529.5,2.0,call,25,5,0.22781
2026-09-04 09:15:00,532.96,529.5,2.0,put,33,3,0.23492
2026-09-04 09:15:00,532.96,530.0,2.0,call,25,3,0.22189
2026-09-04 09:15:00,532.96,530.0,2.0,put,216,15,0.2299
2026-09-04 09:15:00,532.96,530.5,2.0,call,192,35,0.21006
2026-09-04 09:15:00,532.96,530.5,2.0,put,366,63,0.22866
2026-09-04 09:15:00,532.96,531.0,2.0,call,402,75,0.20937
2026-09-04 09:15:00,532.96,531.0,2.0,put,515,98,0.21634
2026-09-04 09:15:00,532.96,531.5,2.0,call,861,164,0.20405
2026-09-04 09:15:00,532.96,531.5,2.0,put,893,88,0.21246
2026-09-04 09:15:00,532.96,532.0,2.0,call,1382,242,0.19804
2026-09-04 09:15:00,532.96,532.0,2.0,put,1496,303,0.21004
2026-09-04 09:15:00,532.96,532.5,2.0,call,1800,387,0.19205
2026-09-04 09:15:00,532.96,532.5,2.0,put,2186,385,0.20213
2026-09-04 09:15:00,532.96,533.0,2.0,call,2080,384,0.18735
2026-09-04 09:15:00,532.96,533.0,2.0,put,1904,266,0.19393
2026-09-04 09:15:00,532.96,533.5,2.0,call,1936,387,0.19059
2026-09-04 09:15:00,532.96,533.5,2.0,put,2050,247,0.20155
2026-09-04 09:15:00,532.96,534.0,2.0,call,1745,223,0.19479
2026-09-04 09:15:00,532.96,534.0,2.0,put,1645,187,0.20788
2026-09-04 09:15:00,532.96,534.5,2.0,call,1142,150,0.20285
2026-09-04 09:15:00,532.96,534.5,2.0,put,1149,270,0.2114
2026-09-04 09:15:00,532.96,535.0,2.0,call,771,39,0.21256
2026-09-04 09:15:00,532.96,535.0,2.0,put,812,145,0.22349
2026-09-04 09:15:00,532.96,535.5,2.0,call,273,26,0.21907
2026-09-04 09:15:00,532.96,535.5,2.0,put,358,76,0.22862
2026-09-04 09:15:00,532.96,536.0,2.0,call,26,2,0.22373
2026-09-04 09:15:00,532.96,536.0,2.0,put,162,17,0.23633
2026-09-04 09:15:00,532.96,536.5,2.0,call,25,5,0.22599
2026-09-04 09:15:00,532.96,536.5,2.0,put,25,4,0.2365
2026-09-04 09:15:00,532.96,537.0,2.0,call,148,26,0.23945
2026-09-04 09:15:00,532.96,537.0,2.0,put,25,2,0.24188
2026-09-04 09:15:00,532.96,537.5,2.0,call,25,3,0.24151
2026-09-04 09:15:00,532.96,537.5,2.0,put,25,3,0.24909
2026-09-04 09:15:00,532.96,538.0,2.0,call,25,4,0.24726
2026-09-04 09:15:00,532.96,538.0,2.0,put,25,3,0.25917
2026-09-04 09:15:00,532.96,538.5,2.0,call,25,2,0.2464
2026-09-04 09:15:00,532.96,538.5,2.0,put,25,1,0.26246
2026-09-04 09:15:00,532.96,539.0,2.0,call,25,3,0.26217
2026-09-04 09:15:00,532.96,539.0,2.0,put,25,5,0.27353
2026-09-04 09:20:00,532.88,529.0,2.0,call,34,1,0.22974
2026-09-04 09:20:00,532.88,529.0,2.0,put,25,5,0.24212
2026-09-04 09:20:00,532.88,529.5,2.0,call,25,3,0.22722
2026-09-04 09:20:00,532.88,529.5,2.0,put,31,3,0.23454
2026-09-04 09:20:00,532.88,530.0,2.0,call,25,3,0.2167
2026-09-04 09:20:00,532.88,530.0,2.0,put,25,4,0.22783
2026-09-04 09:20:00,532.88,530.5,2.0,call,85,18,0.21391
2026-09-04 09:20:00,532.88,530.5,2.0,put,135,27,0.2249
2026-09-04 09:20:00,532.88,531.0,2.0,call,351,59,0.21321
2026-09-04 09:20:00,532.88,531.0,2.0,put,432,29,0.22369
2026-09-04 09:20:00,532.88,531.5,2.0,call,967,226,0.20761
2026-09-04 09:20:00,532.88,531.5,2.0,put,1001,77,0.21287
2026-09-04 09:20:00,532.88,532.0,2.0,call,1447,176,0.19503
2026-09-04 09:20:00,532.88,532.0,2.0,put,1720,269,0.20443
2026-09-04 09:20:00,532.88,532.5,2.0,call,1925,343,0.19284
2026-09-04 09:20:00,532.88,532.5,2.0,put,2064,487,0.20301
2026-09-04 09:20:00,532.88,533.0,2.0,call,2203,299,0.18709
2026-09-04 09:20:00,532.88,533.0,2.0,put,2060,340,0.1963
2026-09-04 09:20:00,532.88,533.5,2.0,call,2044,257,0.19027
2026-09-04 09:20:00,532.88,533.5,2.0,put,2026,189,0.2074
2026-09-04 09:20:00,532.88,534.0,2.0,call,1530,187,0.20153
2026-09-04 09:20:00,532.88,534.0,2.0,put,1539,91,0.21292
2026-09-04 09:20:00,532.88,534.5,2.0,call,1194,104,0.19665
2026-09-04 09:20:00,532.88,534.5,2.0,put,983,141,0.21603
2026-09-04 09:20:00,532.88,535.0,2.0,call,666,113,0.20834
2026-09-04 09:20:00,532.88,535.0,2.0,put,634,68,0.2223
2026-09-04 09:20:00,532.88,535.5,2.0,call,254,29,0.21889
2026-09-04 09:20:00,532.88,535.5,2.0,put,240,48,0.22713
2026-09-04 09:20:00,532.88,536.0,2.0,call,25,4,0.22023
2026-09-04 09:20:00,532.88,536.0,2.0,put,181,19,0.23207
2026-09-04 09:20:00,532.88,536.5,2.0,call,25,3,0.22824
2026-09-04 09:20:00,532.88,536.5,2.0,put,25,5,0.23855
2026-09-04 09:20:00,532.88,537.0,2.0,call,84,11,0.23443
2026-09-04 09:20:00,532.88,537.0,2.0,put,25,4,0.24866
2026-09-04 09:20:00,532.88,537.5,2.0,call,100,19,0.24273
2026-09-04 09:20:00,532.88,537.5,2.0,put,25,4,0.25045
2026-09-04 09:20:00,532.88,538.0,2.0,call,68,8,0.24574
2026-09-04 09:20:00,532.88,538.0,2.0,put,25,1,0.25941
2026-09-04 09:20:00,532.88,538.5,2.0,call,25,5,0.25321
2026-09-04 09:20:00,532.88,538.5,2.0,put,25,5,0.26751
2026-09-04 09:20:00,532.88,539.0,2.0,call,25,4,0.25523
2026-09-04 09:20:00,532.88,539.0,2.0,put,25,4,0.2741
2026-09-04 09:25:00,532.8,529.0,2.0,call,25,2,0.22811
2026-09-04 09:25:00,532.8,529.0,2.0,put,25,4,0.2434
2026-09-04 09:25:00,532.8,529.5,2.0,call,58,11,0.22568
2026-09-04 09:25:00,532.8,529.5,2.0,put,89,15,0.23874
2026-09-04 09:25:00,532.8,530.0,2.0,call,73,15,0.21831
2026-09-04 09:25:00,532.8,530.0,2.0,put,66,9,0.2318
2026-09-04 09:25:00,532.8,530.5,2.0,call,162,24,0.21484
2026-09-04 09:25:00,532.8,530.5,2.0,put,90,16,0.22926
2026-09-04 09:25:00,532.8,531.0,2.0,call,304,45,0.20866
2026-09-04 09:25:00,532.8,531.0,2.0,put,434,103,0.21083
2026-09-04 09:25:00,532.8,531.5,2.0,call,1076,151,0.20335
2026-09-04 09:25:00,532.8,531.5,2.0,put,1104,165,0.20991
2026-09-04 09:25:00,532.8,532.0,2.0,call,1597,230,0.19378
2026-09-04 09:25:00,532.8,532.0,2.0,put,1852,396,0.20551
2026-09-04 09:25:00,532.8,532.5,2.0,call,1993,280,0.19209
2026-09-04 09:25:00,532.8,532.5,2.0,put,2306,154,0.20046
2026-09-04 09:25:00,532.8,533.0,2.0,call,2064,365,0.18763
2026-09-04 09:25:00,532.8,533.0,2.0,put,2068,187,0.19729
2026-09-04 09:25:00,532.8,533.5,2.0,call,1981,194,0.19597
2026-09-04 09:25:00,532.8,533.5,2.0,put,1874,225,0.20194
2026-09-04 09:25:00,532.8,534.0,2.0,call,1506,282,0.20576
2026-09-04 09:25:00,532.8,534.0,2.0,put,1556,168,0.21077
2026-09-04 09:25:00,532.8,534.5,2.0,call,978,165,0.20979
2026-09-04 09:25:00,532.8,534.5,2.0,put,1017,89,0.21534
2026-09-04 09:25:00,532.8,535.0,2.0,call,614,135,0.2107
2026-09-04 09:25:00,532.8,535.0,2.0,put,601,135,0.22256
2026-09-04 09:25:00,532.8,535.5,2.0,call,203,46,0.21999
2026-09-04 09:25:00,532.8,535.5,2.0,put,151,9,0.22717
2026-09-04 09:25:00,532.8,536.0,2.0,call,139,17,0.22345
2026-09-04 09:25:00,532.8,536.0,2.0,put,25,4,0.23097
2026-09-04 09:25:00,532.8,536.5,2.0,call,49,5,0.22935
2026-09-04 09:25:00,532.8,536.5,2.0,put,170,39,0.24319
2026-09-04 09:25:00,532.8,537.0,2.0,call,25,3,0.2383
2026-09-04 09:25:00,532.8,537.0,2.0,put,84,10,0.25056
2026-09-04 09:25:00,532.8,537.5,2.0,call,37,3,0.2428
2026-09-04 09:25:00,532.8,537.5,2.0,put,25,3,0.25887
2026-09-04 09:25:00,532.8,538.0,2.0,call,25,1,0.24844
2026-09-04 09:25:00,532.8,538.0,2.0,put,25,2,0.25253
2026-09-04 09:25:00,532.8,538.5,2.0,call,25,1,0.25326
2026-09-04 09:25:00,532.8,538.5,2.0,put,25,3,0.2672
2026-09-04 09:25:00,532.8,539.0,2.0,call,25,4,0.25692
2026-09-04 09:25:00,532.8,539.0,2.0,put,25,3,0.27103
